ENT,NOM_ENT ,POBTOT,POBFEM,POBMAS,P_0A2,P_0A2_F,P_0A2_M,P_0A17,P_3YMAS,P_3YMAS_F,P_3YMAS_M,P_5YMAS,P_5YMAS_F,P_5YMAS_M,P_12YMAS,P_12YMAS_F,P_12YMAS_M,P_15YMAS,P_15YMAS_F,P_15YMAS_M,P_18YMAS,P_18YMAS_F,P_18YMAS_M,P_3A5,P_3A5_F,P_3A5_M,P_6A11,P_6A11_F,P_6A11_M,P_8A14,P_8A14_F,P_8A14_M,P_12A14,P_12A14_F,P_12A14_M,P_15A17,P_15A17_F,P_15A17_M,P_18A24,P_18A24_F,P_18A24_M,P_15A49_F,P_60YMAS,P_60YMAS_F,P_60YMAS_M,REL_H_M,POB0_14,POB15_64,POB65_MAS,POB_EDADNE,PROM_HNV,PNACENT,PNACENT_F,PNACENT_M,PNACOE,PNACOE_F,PNACOE_M,PRES2015,PRES2015_F,PRES2015_M,PRESOE15,PRESOE15_F,PRESOE15_M,P3YM_HLI,P3YM_HLI_F,P3YM_HLI_M,P3HLINHE,P3HLINHE_F,P3HLINHE_M,P3HLI_HE,P3HLI_HE_F,P3HLI_HE_M,P5_HLI,P5_HLI_NHE,P5_HLI_HE,PHOG_IND,POB_AFRO,POB_AFRO_F,POB_AFRO_M,PCON_DISC,PCDISC_MOT,PCDISC_VIS,PCDISC_LEN,PCDISC_AUD,PCDISC_M_A,PCDISC_MEN,PCON_LIMI,PCLIM_CSB,PCLIM_VIS,PCLIM_HACO,PCLIM_OAUD,PCLIM_MOT2,PCLIM_RE_C,PCLIM_PMEN,PSIND_LIM,P3A5_NOA,P3A5_NOA_F,P3A5_NOA_M,P6A11_NOA,P6A11_NOAF,P6A11_NOAM,P12A14NOA,P12A14NOAF,P12A14NOAM,P15A17A,P15A17A_F,P15A17A_M,P18A24A,P18A24A_F,P18A24A_M,P8A14AN,P8A14AN_F,P8A14AN_M,P15YM_AN,P15YM_AN_F,P15YM_AN_M,P15YM_SE,P15YM_SE_F,P15YM_SE_M,P15PRI_IN,P15PRI_INF,P15PRI_INM,P15PRI_CO,P15PRI_COF,P15PRI_COM,P15SEC_IN,P15SEC_INF,P15SEC_INM,P15SEC_CO,P15SEC_COF,P15SEC_COM,P18YM_PB,P18YM_PB_F,P18YM_PB_M,GRAPROES,GRAPROES_F,GRAPROES_M,PEA,PEA_F,PEA_M,PE_INAC,PE_INAC_F,PE_INAC_M,POCUPADA,POCUPADA_F,POCUPADA_M,PDESOCUP,PDESOCUP_F,PDESOCUP_M,PSINDER,PDER_SS,PDER_IMSS,PDER_ISTE,PDER_ISTEE,PAFIL_PDOM,PDER_SEGP,PDER_IMSSB,PAFIL_IPRI,PAFIL_OTRA,P12YM_SOLT,P12YM_CASA,P12YM_SEPA,TOTHOG,HOGJEF_F,HOGJEF_M,POBHOG,PHOGJEF_F,PHOGJEF_M,VIVTOT,TVIVHAB,TVIVPAR,VIVPAR_HAB,VIVPARH_CV,TVIVPARHAB,VIVPAR_DES,VIVPAR_UT,OCUPVIVPAR,PROM_OCUP,PRO_OCUP_C,VPH_PISODT,VPH_PISOTI,VPH_1DOR,VPH_2YMASD,VPH_1CUART,VPH_2CUART,VPH_3YMASC,VPH_C_ELEC,VPH_S_ELEC,VPH_AGUADV,VPH_AEASP,VPH_AGUAFV,VPH_TINACO,VPH_CISTER,VPH_EXCSA,VPH_LETR,VPH_DRENAJ,VPH_NODREN,VPH_C_SERV,VPH_NDEAED,VPH_DSADMA,VPH_NDACMM,VPH_SNBIEN,VPH_REFRI,VPH_LAVAD,VPH_HMICRO,VPH_AUTOM,VPH_MOTO,VPH_BICI,VPH_RADIO,VPH_TV,VPH_PC,VPH_TELEF,VPH_CEL,VPH_INTER,VPH_STVP,VPH_SPMVPI,VPH_CVJ,VPH_SINRTV,VPH_SINLTC,VPH_SINCIN,VPH_SINTIC
1,Aguascalientes,1425607,728924,696683,71864,35604,36260,463335,1352235,692561,659674,1299669,666713,632956,1116719,576593,540126,1038904,538387,500517,960764,500089,460675,78833,38679,40154,156683,77289,79394,181905,89383,92522,77815,38206,39609,78140,38298,39842,180847,90632,90215,388917,145376,78703,66673,95.58,385195,941834,97070,1508,2.11,1133247,576781,556466,276430,144420,132010,1232234,635320,596914,56422,27956,28466,2539,1043,1496,25,13,12,2461,1012,1449,2508,22,2437,5552,22425,11211,11214,71294,34507,29888,9297,12989,12726,12967,165482,49636,103289,8940,30298,6368,34556,20169,1177938,31495,15371,16124,4941,2292,2649,6812,2901,3911,55493,28286,27207,59978,31114,28864,3178,1318,1860,21908,11762,10146,25567,13286,12281,65609,33542,32067,122405,64730,57675,30347,12806,17541,288036,151759,136277,467249,240419,226830,10.35,10.32,10.38,706930,293533,413397,407903,282320,125583,692983,289268,403715,13947,4265,9682,262088,1161139,780525,92771,3786,3196,271996,1680,31789,3179,402370,593273,120740,386445,119453,266992,1421200,395735,1025465,463972,386671,453099,375798,386011,386445,60327,16974,1421200,3.68,0.89,382634,2899,86423,299141,6390,30686,348487,384361,1210,383430,355192,2137,295903,152521,382597,1011,383148,2379,380982,184,382121,130744,876,365189,335710,238571,240381,45642,105752,312002,370411,177149,147818,359895,236003,174089,98724,70126,6021,15323,128996,1711
2,Baja California,3769020,1868431,1900589,149957,74010,75947,1061893,3610844,1790298,1820546,3494500,1732417,1762083,3069620,1524170,1545450,2882498,1432330,1450168,2698908,1342615,1356293,175286,86624,88662,365938,179504,186434,434167,212675,221492,187122,91840,95282,183590,89715,93875,472408,231535,240873,1039305,379302,200551,178751,101.72,878303,2637218,245280,8219,1.9,2136493,1055376,1081117,1463949,735208,728741,3221141,1610239,1610902,211416,103000,108416,49130,22740,26390,1324,901,423,46830,21644,25186,48638,1257,46413,102613,64362,30469,33893,151945,69741,66704,23568,27966,30235,28095,361269,103981,230524,23627,66531,19935,66867,52519,3213665,86433,42514,43919,21579,10248,11331,14446,6473,7973,142012,71232,70780,162584,82865,79719,9438,4009,5429,52496,28441,24055,88570,45388,43182,164850,81599,83251,343342,175101,168241,112922,49493,63429,721812,363284,358528,1338625,658499,680126,10.2,10.18,10.22,2010898,833398,1177500,1034874,685921,348953,1984462,825213,1159249,26436,8185,18251,836317,2905265,1995530,152274,86380,14012,515855,19862,131967,44490,1085236,1601569,377658,1148913,379379,769534,3739800,1187752,2552048,1325949,1149563,1236142,1059756,1144251,1148913,119411,56975,3739800,3.26,0.9,1118684,22576,342666,798841,59355,189174,892967,1132622,8947,1117719,1069538,23823,122201,71176,1091956,44752,1101573,39745,1085176,3062,1087646,332788,5204,1086226,946647,730313,800176,66156,155157,740452,1071379,576454,576806,1080169,800189,618175,384011,216865,41223,38772,293529,9582
3,Baja California Sur,798447,392568,405879,35963,17821,18142,236629,758642,372818,385824,732150,359663,372487,637296,313087,324209,597552,293482,304070,557976,274334,283642,39870,19707,20163,81476,40024,41452,94845,46621,48224,39744,19605,20139,39576,19148,20428,92636,44858,47778,216574,75608,38655,36953,103.39,197053,549039,48513,3842,1.9,470255,234464,235791,313283,151310,161973,652733,323274,329459,72475,34292,38183,13581,5931,7650,162,109,53,13248,5765,7483,13495,157,13168,29401,26330,12463,13867,35383,15659,16378,5113,6363,6575,6489,90233,23685,58631,5368,15418,3572,18138,10423,663217,14736,7116,7620,2915,1407,1508,2215,1004,1211,32242,16011,16231,29318,14879,14439,2156,853,1303,13926,7314,6612,19124,9756,9368,36989,17597,19392,65249,31477,33772,21184,9178,12006,138355,66291,72064,292807,146506,146301,10.34,10.4,10.28,427280,174233,253047,207713,138094,69619,420525,172203,248322,6755,2030,4725,129270,664122,408856,101745,2549,10772,139342,3576,12335,2516,213360,350345,72985,240468,76323,164145,793424,242023,551401,299873,240660,286051,226838,239358,240468,35776,23437,793424,3.3,1.01,226784,11234,83834,154268,31013,38337,168738,235285,2826,226124,210742,11973,195709,64637,230755,5610,231864,6170,220917,450,229382,73154,1493,219805,164034,115666,161315,18099,28452,142908,214312,108948,91750,226517,148723,136538,67961,36197,14508,8675,77223,2608
4,Campeche,928363,471424,456939,45541,22506,23035,286880,878528,446774,431754,845134,430162,414972,730335,373837,356498,682951,350650,332301,637189,328098,309091,50104,24850,25254,98089,48087,50002,112766,55251,57515,47384,23187,24197,45762,22552,23210,105934,53399,52535,251520,102616,52320,50296,96.93,241118,613113,69838,4294,2.1,716025,364562,351463,199443,100331,99112,814049,415100,398949,27860,13950,13910,91801,45081,46720,2479,1636,843,88686,43166,45520,91020,2458,87926,182867,19319,9784,9535,52259,25298,23964,8086,10744,9396,9679,112956,36108,73471,7852,20370,5284,19984,12314,753271,15028,7322,7706,4762,2267,2495,4548,2209,2339,33731,16778,16953,37620,18613,19007,3149,1387,1762,39986,22915,17071,46922,25746,21176,58721,29676,29045,77156,40667,36489,19925,9195,10730,172718,91601,81117,285453,142069,143384,9.63,9.52,9.74,462607,186762,275845,266137,186405,79732,456296,185018,271278,6311,1744,4567,203304,719677,288186,62638,2070,32088,327334,8950,7441,2914,229890,415151,84699,260725,81072,179653,926854,268706,658148,321634,260824,312770,251960,260221,260725,42196,18614,926854,3.55,1.12,251811,7150,116234,142732,38000,57062,163902,255453,3516,248625,223034,10343,188401,52939,245200,5610,245656,13279,236503,889,243050,128025,5559,218630,201206,86222,89762,64350,62159,136266,226163,87769,68843,218322,114020,151613,38508,17976,23627,36397,130361,12028
5,Coahuila de Zaragoza,3146771,1583102,1563669,160368,79095,81273,982841,2980244,1500922,1479322,2860700,1441917,1418783,2475441,1252864,1222577,2316332,1174267,1142065,2157771,1096368,1061403,177691,87469,90222,327112,160589,166523,375447,184431,191016,159109,78597,80512,158561,77899,80662,375036,185189,189847,826197,348537,183179,165358,98.77,824280,2086745,229587,6159,2.06,2711206,1365165,1346041,398612,200206,198406,2762766,1397625,1365141,83587,39123,44464,5527,2202,3325,40,17,23,5393,2143,3250,5481,37,5352,11516,45976,22565,23411,134816,64602,57381,20223,27060,29181,21766,302543,90118,196190,18476,63967,15040,49128,35073,2683785,70545,34456,36089,12535,5927,6608,11664,5396,6268,118638,59301,59337,122912,60118,62794,6477,2676,3801,38606,19500,19106,49119,24650,24469,115209,60230,54979,268423,141622,126801,59780,27815,31965,668396,340523,327873,1050411,521603,528808,10.43,10.36,10.51,1484935,581668,903267,984416,669313,315103,1450922,572990,877932,34013,8678,25335,597373,2540708,2085705,193655,6136,8001,181821,12289,82868,30846,795950,1384623,293547,900883,257311,643572,3137032,817308,2319724,1078048,901249,1043108,866309,900275,900883,129872,46927,3137032,3.48,0.84,890952,7270,220857,677432,14549,74407,809324,895921,2396,889513,859115,8789,598397,122510,882547,11349,886984,11235,879659,538,880714,321539,2308,870949,780014,574724,554420,67634,167028,642682,863515,367970,372132,824291,519599,443659,195883,124077,17020,46420,332298,5754
6,Colima,731391,370769,360622,29614,14483,15131,209402,699821,355305,344516,677122,344007,333115,592408,302457,289951,556272,284755,271517,520033,266970,253063,34469,17025,17444,72944,35823,37121,85323,41826,43497,36136,17702,18434,36239,17785,18454,83767,41917,41850,197212,91557,48063,43494,97.26,173163,494510,61762,1956,2.06,525860,266764,259096,193703,98633,95070,636207,325164,311043,35221,17187,18034,5210,2322,2888,189,114,75,4970,2186,2784,5109,158,4901,9770,13574,6859,6715,39880,19767,17487,5817,7856,7240,7434,87325,26318,55672,5506,16466,3642,17522,10032,597614,11887,5919,5968,3288,1539,1749,3220,1415,1805,27964,14198,13766,31032,16202,14830,2254,966,1288,18734,9464,9270,23896,11920,11976,43853,21468,22385,66596,33860,32736,19492,8463,11029,130565,67906,62659,253137,130854,122283,10.05,10.1,9.99,386642,164334,222308,204200,137542,66658,380902,162558,218344,5740,1776,3964,123074,605947,362244,49082,1259,11047,179704,2774,9344,3016,201601,313938,76630,226853,78777,148076,728297,238959,489338,288978,227050,278552,216624,226445,226853,47329,14599,728297,3.21,0.96,219978,5756,73164,152586,11457,42001,172292,224634,1121,224122,218820,1634,168639,56894,224485,255,224708,1039,222876,174,224381,92021,1493,211596,170380,98535,117854,36845,41614,155254,206844,90200,80251,206736,132395,114164,43881,22695,9173,12085,82366,2698
7,Chiapas,5543828,2837881,2705947,334055,165892,168163,2093426,5181929,2658046,2523883,4941832,2538697,2403135,4087924,2115667,1972257,3745908,1946645,1799263,3422558,1785639,1636919,363406,180185,183221,730599,362194,368405,830275,410912,419363,342016,169022,172994,323350,161006,162344,667750,343841,323909,1461928,507757,256576,251181,95.35,1770076,3396877,349031,27844,2.34,5276515,2704331,2572184,174961,87981,86980,4854836,2501235,2353601,56588,26818,29770,1459648,745048,714600,397179,245442,151737,1036366,485787,550579,1387295,350942,1010257,1835102,56532,28182,28350,227878,103682,99666,48723,58315,51178,49743,420261,141360,267165,33942,94798,23737,69398,53259,4843797,136319,67146,69173,50265,24856,25409,62614,32538,30076,198079,96025,102054,144620,70053,74567,69380,33237,36143,512720,322586,190134,508631,307765,200866,512086,262823,249263,662419,345180,317239,116898,55477,61421,755926,399387,356539,1070250,516330,553920,7.78,7.5,8.09,2501341,947682,1553659,1571228,1162911,408317,2454255,936525,1517730,47086,11157,35929,1814782,3698663,672681,212030,46562,38656,2538415,169403,32965,31976,1355791,2311548,418392,1351023,358039,992984,5524499,1260991,4263508,1694405,1351630,1668330,1325555,1348105,1351023,241916,100859,5524499,4.09,1.32,1191940,149481,562888,778553,160201,339743,841484,1317473,23972,1207826,868303,133616,667487,415559,1178078,126568,1226871,114526,1129602,7736,1180905,953051,126493,870621,590197,245672,284758,153101,187556,734149,1036741,212970,159652,944695,292189,433400,61298,32460,214333,379915,993929,151655
8,Chihuahua,3741869,1888047,1853822,163950,80466,83484,1137537,3570280,1803755,1766525,3442944,1740545,1702399,2992667,1519335,1473332,2791907,1420305,1371602,2596693,1324460,1272233,191706,94545,97161,385907,189875,196032,461498,226948,234550,200760,99030,101730,195214,95845,99369,445186,221332,223854,993597,419821,224771,195050,98.19,942323,2512947,278960,7639,2.04,3061312,1553841,1507471,561040,279227,281813,3319444,1686393,1633051,89954,43506,46448,110498,56479,54019,11818,7570,4248,97700,48603,49097,106093,9903,95223,157671,60918,29942,30976,167788,81744,71310,25313,32143,34662,30480,394638,121999,253004,25018,78188,22186,73786,49299,3144228,91817,44925,46892,20602,9783,10819,19677,8917,10760,143221,72827,70394,155512,79307,76205,12187,5361,6826,73223,38189,35034,91273,46867,44406,189417,90718,98699,395022,197351,197671,81652,36251,45401,734711,387587,347124,1179575,595231,584344,10,10.02,9.98,1863623,759653,1103970,1122057,756710,365347,1829503,749737,1079766,34120,9916,24204,574108,3156294,2043251,172774,28073,10831,688684,31733,127454,120058,1019091,1598428,373002,1146395,388589,757806,3725031,1182399,2542632,1401765,1146915,1348614,1093764,1145185,1146395,186778,68072,3725031,3.25,0.8,1120637,21790,324559,818117,37607,133950,971111,1125620,17090,1125206,1048376,17437,407925,42464,1095308,32290,1105223,37136,1095836,5950,1093707,346643,15763,1081646,984232,822240,783621,77198,125791,795328,1068519,488724,460540,1051045,650546,481871,282049,179964,42113,64419,432032,20158
9,Ciudad de México,9209944,4805017,4404927,267151,131720,135431,2033581,8933167,4668454,4264713,8720414,4563147,4157267,7915499,4167530,3747969,7547545,3985698,3561847,7166737,3798760,3367977,324942,160337,164605,692726,340587,352139,838416,412683,425733,367954,181832,186122,380808,186938,193870,984186,487898,496288,2508606,1491619,853207,638412,91.67,1652773,6525440,1022105,9626,1.65,7404454,3807741,3596713,1679063,934710,744353,8327432,4373027,3954405,308686,160707,147979,125153,66922,58231,1032,674,358,122971,65818,57153,124540,1016,122379,289139,186914,95005,91909,493589,244406,210900,59979,114412,83316,85252,1141218,370714,731537,58899,258902,55719,226966,145428,7489519,90729,44344,46385,31704,15192,16512,23905,10935,12970,307359,154326,153033,446846,224403,222443,11841,5137,6704,107444,73765,33679,162484,96369,66115,277823,171549,106274,686827,399252,287575,195837,87488,108349,1468292,753306,714986,4516388,2341854,2174534,11.48,11.32,11.67,5099957,2316485,2783472,2798579,1843317,955262,4985469,2273939,2711530,114488,42546,71942,2502789,6689012,3881545,1128554,12484,104474,1203824,21158,444160,93084,3017529,3731096,1160556,2756319,1098365,1657954,9159392,3408051,5751341,3036239,2757433,2883154,2604348,2752169,2756319,207026,71780,9159392,3.32,0.8,2732051,16199,813453,1935230,136682,314544,2297404,2746872,1917,2719720,2655528,29004,2328798,1665465,2738826,4975,2744306,4207,2715805,175,2738936,1385629,6180,2580111,2279427,1843092,1289361,214550,550349,2165974,2647911,1649403,1898265,2536523,2084156,1290811,957162,568827,46172,77272,561128,10528
10,Durango,1832650,927784,904866,95793,47204,48589,612346,1733682,878981,854701,1661875,843666,818209,1416121,723423,692698,1315571,673942,641629,1217129,625493,591636,107941,52981,54960,209620,102577,107043,240724,118134,122590,100550,49481,51069,98442,48449,49993,218136,108354,109782,471321,209478,109566,99912,97.53,513904,1172629,142942,3175,2.32,1601990,811920,790070,210697,106016,104681,1606224,820635,785589,39250,19252,19998,47242,23800,23442,8515,5044,3471,37905,18363,19542,44242,6726,36712,58286,17311,8588,8723,101953,50851,43421,13917,19271,19359,17675,217850,69574,137023,12819,41629,9767,42329,22477,1499181,43907,21481,22426,7636,3560,4076,9062,3903,5159,69250,35567,33683,70077,35572,34505,5674,2354,3320,35779,18192,17587,39774,19843,19931,107408,50981,56427,173587,86084,87503,39818,17187,22631,389145,205171,183974,513240,265121,248119,9.75,9.82,9.67,818279,315196,503083,593095,406871,186224,796197,309943,486254,22082,5253,16829,461394,1366665,744664,185483,7012,8406,404554,16703,16765,5967,481785,757894,175677,493698,157252,336446,1821273,536132,1285141,632975,493989,614109,475123,493142,493698,102682,36304,1821273,3.69,0.91,474438,17650,122022,370077,11968,50211,429915,483167,8921,482430,410519,9676,383135,116819,459918,18039,467143,24896,461972,3412,458976,199759,9048,449272,381316,273963,273559,58736,128226,317430,457688,169760,137873,434450,215108,222785,73099,54664,22071,41801,243750,12446
11,Guanajuato,6166934,3170480,2996454,313928,154709,159219,1965943,5840957,3009728,2831229,5616039,2898336,2717703,4846712,2519535,2327177,4519193,2357595,2161598,4188942,2194170,1994772,337595,166540,171055,656650,323653,332997,769073,379072,390001,327519,161940,165579,330251,163425,166826,762428,384129,378299,1688054,681374,365780,315594,94.51,1635692,4052225,466968,12049,2.2,5549032,2861488,2687544,557773,279349,278424,5456347,2832717,2623630,117626,55496,62130,14048,6372,7676,231,131,100,12988,5841,7147,13828,198,12829,25976,108806,54891,53915,285615,142599,118833,43896,59516,56469,52829,613749,198352,387973,41007,126366,32844,118522,74494,5215707,128105,62986,65119,30727,14684,16043,38225,17591,20634,213101,110138,102963,210830,109050,101780,18396,7810,10586,238838,141120,97718,298291,162863,135428,380100,197680,182420,698339,361434,336905,134728,58337,76391,1319370,707292,612078,1535747,787716,748031,9.04,8.99,9.1,2997139,1207280,1789859,1828679,1306200,522479,2943208,1193933,1749275,53931,13347,40584,1275190,4874661,2259062,280660,15670,45080,2181882,22771,93767,25720,1678577,2682088,482966,1586531,522424,1064107,6144406,1894813,4249593,1992652,1587234,1953972,1548554,1584834,1586531,313437,91981,6144406,3.87,1.02,1543881,37095,404843,1176424,44581,218617,1318039,1573803,7532,1538307,1167600,42957,1279561,453354,1526508,17761,1531196,48923,1496966,2017,1518151,657475,9914,1464808,1277392,808648,803507,294365,582048,1133149,1497382,550020,529217,1381668,764350,681879,240833,167748,46126,134421,732192,20559
12,Guerrero,3540685,1840073,1700612,197506,97545,99961,1237843,3328762,1735307,1593455,3190810,1666726,1524084,2698742,1423659,1275083,2491307,1320619,1170688,2288425,1219393,1069032,207880,103017,104863,422140,208631,213509,491703,243060,248643,207435,103040,104395,202882,101226,101656,405625,210971,194654,910221,443534,237011,206523,92.42,1034961,2174538,316769,14417,2.54,3311109,1722691,1588418,195093,100013,95080,3118017,1634017,1484000,58096,28822,29274,515487,274512,240975,111372,67915,43457,395724,201969,193755,495585,100436,386765,691724,303923,156446,147477,213615,107763,91021,36130,49863,37624,41721,437069,161653,271328,31536,92837,21819,94969,46743,2855067,51181,25002,26179,16903,7980,8923,22606,10486,12120,143412,72288,71124,111043,57571,53472,25844,11191,14653,310327,188987,121340,297644,178031,119613,293173,154671,138502,362770,191486,171284,104467,49672,54795,495963,257758,238205,852693,444291,408402,8.37,8.23,8.53,1635187,684638,950549,1050902,735356,315546,1606120,677989,928131,29067,6649,22418,891961,2632004,506026,293979,12943,38016,1744754,36293,14282,9051,870839,1480994,346064,942043,334190,607853,3525670,1145999,2379671,1316263,942509,1253357,879603,939989,942043,233094,140660,3525670,3.74,1.29,803696,132012,425351,510403,147473,256749,531518,920890,14873,831768,633269,103991,547435,285156,807068,44060,824631,111043,748860,4703,801599,645126,49376,758141,430583,196137,234609,102923,87178,470329,759777,191317,252529,715753,298180,343146,56999,28577,125684,172608,599093,70622
13,Hidalgo,3082841,1601462,1481379,134738,66770,67968,958875,2944897,1533074,1411823,2841446,1481969,1359477,2458400,1292537,1165863,2288217,1208259,1079958,2120760,1125652,995108,156486,77332,79154,330011,163205,166806,394943,195148,199795,170183,84278,85905,167457,82607,84850,343236,174419,168817,837604,383675,204360,179315,92.5,791418,2023471,264746,3206,2.17,2447728,1262222,1185506,609940,326647,283293,2649672,1388651,1261021,172723,88967,83756,362629,186796,175833,28497,19093,9404,331650,166468,165182,356950,27788,326684,584693,48693,25108,23585,166965,74106,74924,24436,41241,29344,31380,413238,125372,268903,24697,91931,18551,88748,38551,2482249,56417,27713,28704,8887,4239,4648,9883,4281,5602,129871,66328,63543,120919,62142,58777,7361,3023,4338,151311,93511,57800,143099,86518,56581,188672,96393,92279,291654,149662,141992,58704,25166,33538,645662,341052,304610,874386,462909,411477,9.37,9.33,9.42,1502364,621532,880832,948956,668121,280835,1473904,613816,860088,28460,7716,20744,928550,2149373,744201,221985,10312,34160,1097048,22969,24978,21204,805091,1356692,295686,857174,264559,592615,3075177,830295,2244882,1198017,857462,1169653,829098,855830,857174,229124,111431,3075177,3.59,0.93,830388,24402,254360,600448,34730,118027,702041,847206,7630,821517,657305,33315,652744,193053,781898,50505,812005,42803,787518,2070,786509,443273,18262,708258,514108,297266,378990,86059,192405,579898,759456,261093,210637,727888,332320,378326,95701,64475,51691,102005,467376,26079
14,Jalisco,8348151,4249696,4098455,384145,190072,194073,2531145,7912955,4034076,3878879,7626117,3892287,3733830,6620690,3397067,3223623,6193111,3187212,3005899,5765955,2976352,2789603,431927,213822,218105,860338,423187,437151,1004575,493588,510987,427579,209855,217724,427156,210860,216296,993462,494980,498482,2223580,999085,539465,459620,96.44,2103989,5507037,686074,51051,2.1,7128608,3635678,3492930,1067778,539033,528745,7375785,3778045,3597740,198654,94457,104197,66963,32234,34729,6673,4101,2572,59300,27631,31669,65021,5689,58363,104858,139676,69356,70320,386577,199124,155613,57332,77924,75506,73987,826012,276051,503446,53378,174896,43550,169697,109590,7026046,170996,83580,87416,43720,20558,23162,46067,20579,25488,296893,152835,144058,321347,164416,156931,23738,9976,13762,179014,95755,83259,227359,119156,108203,501320,258654,242666,883372,461672,421700,208759,90084,118675,1485201,774113,711088,2673525,1365531,1307994,9.9,9.85,9.95,4244054,1765287,2478767,2344552,1623990,720562,4186717,1748352,2438365,57337,16935,40402,2452519,5835710,4149528,222298,9792,23536,1213421,17404,244435,60763,2420774,3445868,749243,2330706,794181,1536525,8303823,2643040,5660783,2960158,2332218,2844244,2216304,2327794,2330706,451590,176350,8303823,3.56,0.93,2276788,35773,573478,1739463,60893,280320,1971716,2305305,7728,2296611,2124316,16375,1797553,903638,2294184,3785,2294972,17165,2280385,1921,2290603,880468,9306,2207380,1933460,1325678,1303944,391395,604756,1697894,2201888,1034977,1009963,2134429,1437473,1199700,573528,375678,56399,96948,760439,17553
15,México,16992418,8741123,8251295,724133,357766,366367,5009259,16260058,8379157,7880901,15707805,8105314,7602491,13742847,7137483,6605364,12862124,6699582,6162542,11974932,6261545,5713387,834611,413191,421420,1682600,828483,854117,2024076,999706,1024370,880723,437901,442822,887192,438037,449155,2004632,1000798,1003834,4700984,1919454,1043149,876305,94.4,4122067,11603770,1258354,8227,1.95,11669688,5940122,5729566,5190562,2746909,2443653,15198264,7860389,7337875,433992,224107,209885,417603,220131,197472,5422,3703,1719,405775,213320,192455,415450,5345,403796,1026540,296264,149402,146862,756531,332266,353735,108644,167345,128661,131212,1928850,559098,1311932,113471,413380,94823,345634,205307,14186323,326438,160408,166030,76986,37116,39870,68394,31111,37283,685543,347722,337821,713951,361450,352501,31422,13814,17608,372454,248391,124063,452522,287294,165228,773815,436067,337748,1595527,871046,724481,375582,163854,211728,3358430,1711265,1647165,5814269,2965255,2849014,10.08,9.93,10.25,8544416,3549802,4994614,5162516,3571005,1591511,8364273,3495702,4868571,180143,54100,126043,5672574,11267677,5983389,828041,359266,141504,3449337,66031,276048,289383,4799091,7276393,1655175,4568635,1463108,3105527,16943520,4947702,11995818,5403492,4569533,5137408,4303449,4561381,4568635,611159,222800,16943520,3.71,0.95,4463581,92762,1416182,3141610,233287,709873,3614459,4543258,14765,4439141,3815549,118409,3552310,1763040,4403138,90488,4440083,112246,4348371,3991,4402471,2420030,34932,3913160,3308629,2260210,1943484,465964,1186929,3377753,4308399,1851854,2123211,4049493,2561525,1559564,822048,572663,133777,329132,1769551,53857
16,Michoacán de Ocampo,4748846,2442505,2306341,251800,124627,127173,1544594,4493516,2316094,2177422,4315479,2227709,2087770,3699676,1923472,1776204,3446992,1798536,1648456,3200722,1676581,1524141,266649,132315,134334,527191,260307,266884,605415,298996,306419,252684,124936,127748,246270,121955,124315,551904,279811,272093,1240108,601699,319857,281842,94.43,1298324,3024137,422855,3530,2.36,4257505,2192259,2065246,433109,221958,211151,4183511,2170290,2013221,91650,45353,46297,154943,79092,75851,8878,5510,3368,144719,72945,71774,150180,7604,141237,230063,73424,37060,36364,258107,130691,106925,37751,56703,48656,49006,544104,184461,334431,34860,118211,27157,118789,57091,3913675,95372,46658,48714,26600,12465,14135,35666,15656,20010,156975,81208,75767,152682,78445,74237,22474,9360,13114,242339,133079,109260,271828,142823,129005,441222,226119,215103,581264,302715,278549,162602,71632,90970,746453,401428,345025,1137384,594896,542488,8.6,8.61,8.58,2296059,912478,1383581,1386671,1004558,382113,2263194,904498,1358696,32865,7980,24885,1784629,2954556,1207045,282942,11393,15176,1372093,41892,44075,17911,1197488,2070038,428162,1284644,410986,873658,4728159,1378187,3349972,1717578,1285469,1674008,1241899,1282371,1284644,313707,118402,4728159,3.68,1.02,1214193,66867,387594,893555,56577,214965,1009588,1273522,7663,1246400,1011020,34767,993971,432582,1195728,64093,1227072,53793,1200512,1774,1194951,571561,13530,1139678,952198,543288,617989,234914,277661,856942,1179222,374189,333332,1123169,561753,684146,149704,101530,57579,111766,655580,23842
17,Morelos,1971520,1020673,950847,82809,40825,41984,568743,1887763,979359,908404,1825133,948425,876708,1600850,837953,762897,1502021,789341,712680,1401829,740381,661448,94561,46560,48001,192352,94846,97506,228436,112386,116050,98829,48612,50217,100192,48960,51232,228608,115646,112962,528439,273903,147439,126464,93.16,468551,1312593,189428,948,2.06,1451544,741049,710495,500693,269893,230800,1733153,903197,829956,78624,40753,37871,38110,19509,18601,912,604,308,36939,18801,18138,37569,838,36473,82634,38331,19604,18727,109255,54229,45903,16089,25711,19042,20931,256802,84843,160170,15549,56495,10697,57423,24482,1592974,35852,17580,18272,8170,3814,4356,8889,3680,5209,72466,36989,35477,78261,40682,37579,5072,2123,2949,66663,39647,27016,78427,44731,33696,106574,55734,50840,183865,96333,87532,43438,19359,24079,392018,205123,186895,649809,341928,307881,9.84,9.81,9.88,1017989,439091,578898,577216,396865,180351,996215,432886,563329,21774,6205,15569,552170,1416884,616556,148496,4263,11688,618457,6207,24432,6869,529970,842395,227394,560669,195480,365189,1961679,631458,1330221,819501,560941,794736,536176,559102,560669,138378,120182,1961679,3.5,0.96,537239,21532,184845,373945,41046,97238,420499,556409,2394,536178,461234,22616,443017,259855,543484,9132,548632,10094,528548,571,543027,287368,4303,504256,369825,232525,234837,77104,101999,389920,509829,204850,236487,499787,307830,222853,90825,48209,24696,34950,227132,7724
18,Nayarit,1235456,623178,612278,59549,29305,30244,394457,1174739,593277,581462,1130687,571583,559104,970696,493004,477692,903410,460032,443378,839831,428885,410946,66425,32618,33807,137618,67655,69963,159632,78278,81354,67286,32972,34314,63579,31147,32432,138177,69280,68897,317166,157395,81354,76041,98.25,330878,793713,109697,1168,2.3,965314,487106,478208,252605,127449,125156,1064884,541323,523561,55706,27272,28434,69069,35187,33882,11473,6715,4758,57037,28201,28836,66001,9905,55540,89853,10416,5032,5384,68216,33252,27918,10091,13188,11900,12564,156741,48994,96274,9179,29097,5530,34194,16655,1001873,23808,11535,12273,5356,2546,2810,5638,2347,3291,47402,24182,23220,47282,25217,22065,4873,2089,2784,40464,20831,19633,45126,22485,22641,85828,40428,45400,100742,49494,51248,29725,12749,16976,223665,114111,109554,386636,203796,182840,9.73,9.89,9.56,609556,250247,359309,356473,241810,114663,601969,248278,353691,7587,1969,5618,273039,960563,464297,122902,6565,6392,346383,21313,12946,5562,313489,531586,125256,361270,118848,242422,1226176,372932,853244,482910,361596,474053,352739,360079,361270,77373,43941,1226176,3.39,0.94,348366,11279,112514,247153,17754,58219,283690,353523,6147,350333,306832,9339,242430,111446,345484,2577,346187,13432,340031,2415,344318,158382,6756,322557,264678,150052,164221,82182,84018,225455,324282,125693,108011,318700,169289,178574,60325,35983,20501,28481,167969,9171
19,Nuevo León,5784442,2893492,2890950,258166,127997,130169,1654929,5508144,2756412,2751732,5311401,2659307,2652094,4659636,2339039,2320597,4384862,2203851,2181011,4111381,2070207,2041174,294171,145102,149069,554337,272271,282066,646846,318017,328829,274774,135188,139586,273481,133644,139837,702241,346304,355937,1549927,654050,350903,303147,99.91,1381448,3948050,436812,18132,1.88,4381647,2192985,2188662,1319964,661997,657967,4993000,2509179,2483821,277369,133363,144006,77945,37686,40259,325,218,107,76296,36790,39506,77618,312,76007,159873,97603,47731,49872,220206,103024,94260,37352,43164,50468,39164,551374,151424,369318,34152,103774,26256,85652,69219,4950186,109729,53790,55939,22177,10617,11560,18183,8456,9727,198445,97890,100555,231722,113905,117817,10547,4326,6221,63980,34933,29047,87239,46646,40593,204645,110270,94375,430136,235652,194484,104046,46671,57375,1236867,619561,617306,2145139,1048339,1096800,10.74,10.6,10.88,2862003,1111505,1750498,1779940,1220647,559293,2807449,1096078,1711371,54554,15427,39127,1072664,4681465,3596116,178747,41527,28744,558212,10068,330130,86910,1542048,2599029,509936,1655256,451544,1203712,5768759,1448464,4320295,2037695,1655690,1927423,1545418,1654199,1655256,286185,95820,5768759,3.49,0.85,1634277,13939,398158,1250292,27975,145232,1475200,1645742,2849,1636431,1596634,12098,237055,42436,1625769,19632,1633334,14630,1625176,730,1624047,655913,4385,1595180,1440214,1072793,967690,95689,190686,1130889,1578280,791493,922162,1537687,1150914,806584,490746,306104,36729,57505,439479,9797
20,Oaxaca,4132148,2157305,1974843,205460,101721,103739,1372915,3917300,2050864,1866436,3762907,1974035,1788872,3215175,1702227,1512948,2975786,1584001,1391785,2749845,1471275,1278570,234650,116497,118153,467475,232140,235335,556205,275386,280819,239389,118226,121163,225941,112726,113215,443074,230179,212895,1077929,550577,296095,254482,91.54,1146974,2580989,394797,9388,2.42,3804780,1986668,1818112,293054,153413,139641,3642936,1919442,1723494,97030,48597,48433,1221555,646411,575144,134111,87809,46302,1081269,555415,525854,1193229,125925,1061150,1780303,194474,99781,94693,273876,131693,123440,42646,68388,43625,53217,552447,191802,352981,33207,116855,21443,111959,49113,3278716,63920,31188,32732,15747,7504,8243,25355,11879,13476,151818,77222,74596,116223,59406,56817,19148,8232,10916,351511,227856,123655,311143,199380,111763,426716,226017,200699,505251,265745,239506,102835,46197,56638,655367,336056,319311,888161,464215,423946,8.12,7.92,8.35,1825593,733125,1092468,1375173,964643,410530,1791164,726432,1064732,34429,6693,27736,1215990,2904703,583455,263783,12030,60888,1901352,97052,19135,11642,1054399,1779749,379875,1125892,345641,780251,4113413,1092462,3020951,1570618,1126544,1555248,1111174,1121846,1125892,275208,168866,4113413,3.65,1.14,969778,149170,486879,632137,126629,269722,722647,1093796,25242,1008978,763915,110050,672807,259744,882746,207724,901346,217520,832395,7590,833054,751133,79269,789838,531102,220657,278781,147417,199837,650517,823019,228976,223680,812319,329811,321144,60715,29789,181771,263541,736533,106502
21,Puebla,6583278,3423163,3160115,339025,167898,171127,2148335,6238582,3252416,2986166,5998828,3133801,2865027,5159196,2718903,2440293,4796903,2539917,2256986,4429272,2358422,2070850,360962,178227,182735,718424,355286,363138,844963,417326,427637,362293,178986,183307,367631,181495,186136,810215,411150,399065,1802286,745419,410598,334821,92.32,1780704,4280848,516055,5671,2.2,5882027,3040471,2841556,660918,362543,298375,5800804,3039590,2761214,165720,85518,80202,615622,325749,289873,40879,28138,12741,571776,296448,275328,604471,38939,562581,1043116,113945,58275,55670,300150,139174,126411,49168,73273,58979,58149,686290,223324,427503,45871,157950,36451,142978,70399,5558505,111247,53999,57248,27865,13185,14680,39816,17640,22176,261776,133337,128439,265778,136311,129467,21901,9321,12580,334179,212776,121403,318081,197862,120219,502321,269339,232982,793387,421210,372177,150499,67958,82541,1034860,538360,496500,1829262,954403,874859,9.16,9.02,9.31,3198118,1310547,1887571,1947673,1402609,545064,3145110,1295664,1849446,53008,14883,38125,1921945,4650982,1445433,218559,97861,34972,2721081,54956,90326,41363,1790595,2765884,600819,1713381,543681,1169700,6567335,1858232,4709103,2170923,1713865,2114072,1657014,1710331,1713381,314785,142273,6567335,3.83,1.03,1621181,87193,583888,1124611,106896,295629,1305971,1695462,13075,1632429,1351315,76093,1245380,724866,1569719,111808,1625891,82485,1566118,3372,1575834,1032516,37028,1275842,1002963,555735,606174,146307,450879,1207892,1516667,505613,490546,1444126,691363,539920,213909,129993,102541,207818,939937,49800
22,Querétaro,2368467,1211647,1156820,108229,53878,54351,700525,2253414,1154345,1099069,2173750,1114853,1058897,1896139,978302,917837,1778180,920088,858092,1661118,862166,798952,119277,58731,60546,237998,117312,120686,277630,136911,140719,117959,58214,59745,117062,57922,59140,290118,145070,145048,671048,240222,130421,109801,95.48,583463,1618687,159493,6824,1.93,1648076,843268,804808,686545,351721,334824,1958280,1010329,947951,195760,97609,98151,31383,15929,15454,594,443,151,30571,15407,15164,31086,590,30279,62207,43436,21544,21892,96160,45248,42367,14329,21066,17919,18501,244793,71934,159045,14477,49883,11878,48737,29057,2004940,44680,21897,22783,9635,4678,4957,10129,4379,5750,84107,43439,40668,96819,49588,47231,5028,2120,2908,61734,39438,22296,75526,45028,30498,89520,48112,41408,209267,109880,99387,44035,18763,25272,450739,233475,217264,851047,432755,418292,10.48,10.34,10.64,1233080,522416,710664,658341,453798,204543,1210328,515633,694695,22752,6783,15969,486467,1873160,1121262,92561,4022,7753,587007,9255,87908,9582,691682,1016504,186594,668487,219432,449055,2362208,710898,1651310,826353,668771,791542,633960,667596,668487,112408,45174,2362208,3.53,0.91,652622,12875,179452,486133,26464,85172,553949,661924,3686,651889,584452,13717,514035,114014,644157,8539,648556,17011,637478,1086,642999,260075,5510,611057,502427,373352,392533,50989,115638,478800,622948,320239,289497,606978,430045,382086,183742,106431,22702,44358,208004,9228
23,Quintana Roo,1857985,921206,936779,84393,41380,43013,543728,1752570,869305,883265,1689232,838112,851120,1470411,730429,739982,1379563,685528,694035,1293235,642740,650495,95148,46908,48240,187011,91968,95043,216096,106282,109814,90848,44901,45947,86328,42788,43540,226210,112048,114162,538528,131052,66985,64067,101.69,457400,1297832,81731,21022,1.76,848545,420372,428173,945101,468054,477047,1479287,735917,743370,187683,92762,94921,204949,96611,108338,7307,4691,2616,195543,91006,104537,203317,7082,194142,423166,52265,25319,26946,67005,28214,32184,12216,12878,12882,12641,164117,41086,110750,11005,25762,6796,26388,20352,1592700,41928,20494,21434,11144,5406,5738,7641,3678,3963,65030,32568,32462,61264,30779,30485,5907,2536,3371,42224,25064,17160,53416,29978,23438,81719,42975,38744,140637,74518,66119,33632,15322,18310,368696,181652,187044,655583,317003,338580,10.24,10.12,10.36,1006817,406159,600658,459372,322432,136940,990307,400625,589682,16510,5534,10976,468580,1365328,827522,106142,6087,10764,383986,7433,33527,8445,482478,833677,152246,575489,187270,388219,1852928,583839,1269089,711722,575635,648282,512195,574124,575489,86594,49493,1852928,3.22,1.14,554371,12803,256330,310988,92557,144072,330684,562025,5335,558100,514593,9234,520178,143258,557821,2387,556294,10860,546945,973,554645,283936,5874,500455,428937,223563,220338,107092,150328,331680,495167,213846,158739,526202,319194,267556,131827,55902,43642,36378,221620,12239
24,San Luis Potosí,2822255,1449804,1372451,132634,65809,66825,879923,2687679,1383017,1304662,2589382,1334226,1255156,2246420,1165182,1081238,2093875,1089945,1003930,1940390,1013982,926408,147757,73129,74628,293502,144706,148796,350465,172592,177873,152545,75237,77308,153485,75963,77522,332441,168549,163892,751784,361599,190398,171201,94.66,726438,1839911,253964,1942,2.29,2503646,1284893,1218753,294725,154022,140703,2502097,1295858,1206239,68111,33348,34763,231213,116308,114905,9996,6561,3435,218910,108480,110430,226476,9372,214811,337480,55337,27914,27423,143861,67657,60739,22645,33950,28872,27800,335739,104804,215900,20653,71985,16560,68925,38944,2321691,37977,18396,19581,9809,4611,5198,11170,4966,6204,109537,56012,53525,106333,54473,51860,6729,2690,4039,104794,58594,46200,109775,58682,51093,186800,89906,96894,253911,130628,123283,60193,27474,32719,573518,309651,263867,831524,430933,400591,9.61,9.64,9.58,1361868,543352,818516,877498,619060,258438,1338297,537185,801112,23571,6167,17404,490284,2327452,1116471,163446,6235,8967,961896,43932,64964,10662,771609,1223288,249840,774658,236780,537878,2815427,776886,2038541,964366,775016,931362,742012,773425,774658,141294,48056,2815427,3.63,0.93,734732,37830,214984,557728,25700,95603,651397,761594,11142,715405,572924,57307,554218,331342,646172,111459,701951,70188,665847,3788,643940,333133,14722,679234,577917,359166,386940,130422,233051,520051,694961,263244,267599,653195,344443,347311,128861,83293,43489,90622,388169,23153
25,Sinaloa,3026943,1532128,1494815,139403,68525,70878,902580,2885315,1462486,1422829,2788482,1414820,1373662,2434258,1241377,1192881,2277814,1164474,1113340,2122138,1087721,1034417,145959,71636,74323,305098,149473,155625,362339,177588,184751,156444,76903,79541,155676,76753,78923,362895,181291,181604,794415,393519,206493,187026,97.56,746904,2007923,269891,2225,2.18,2688568,1361793,1326775,312601,157829,154772,2691072,1369913,1321159,87011,41240,45771,35539,16297,19242,1004,574,430,34314,15633,18681,34935,859,33859,56784,42196,21037,21159,147958,73706,59727,24116,27668,29664,28791,323396,104949,201908,20476,59616,14710,64227,41047,2531689,54268,26543,27725,11198,5256,5942,11261,4752,6509,125234,63500,61734,151323,78930,72393,7030,2845,4185,80898,37632,43266,92437,42875,49562,211091,102847,108244,267347,137039,130308,83707,36377,47330,428089,225951,202138,1109176,572324,536852,10.22,10.33,10.11,1475694,600768,874926,940130,638613,301517,1454147,594142,860005,21547,6626,14921,575115,2447515,1516933,252973,12432,17561,629386,18879,41489,19365,814592,1306003,312801,854816,297340,557476,2986877,981500,2005377,1062027,855271,1044563,837807,853421,854816,154515,52241,2986877,3.49,0.97,833169,19497,258741,593983,35716,124141,692863,847989,4733,839718,786165,12998,419032,51715,814824,22114,827096,25556,818353,1540,813403,297915,6392,810884,657840,414109,489427,159343,188691,490436,795457,326641,210473,787350,441062,457908,162367,92477,35425,50477,365642,12648
26,Sonora,2944840,1472643,1472197,124294,61239,63055,876174,2817821,1410043,1407778,2723770,1363541,1360229,2374818,1191883,1182935,2218268,1115432,1102836,2065941,1040798,1025143,143132,70693,72439,299871,147467,152404,358596,175659,182937,156550,76451,80099,152327,74634,77693,350392,171744,178648,769057,358404,188135,170269,99.97,723847,1981467,236801,2725,2.07,2459398,1237307,1222091,425906,207534,218372,2629071,1322629,1306442,75302,33953,41349,62808,28170,34638,1104,605,499,61130,27307,33823,62070,1005,60499,126644,43510,21233,22277,145473,68891,64061,20976,26464,29021,26592,317996,92026,205671,18517,57018,14451,59609,40272,2458126,65700,32321,33379,11013,5155,5858,10145,4291,5854,117628,59793,57835,127769,65270,62499,8184,3312,4872,44134,21334,22800,55753,26531,29222,145810,69684,76126,214349,107284,107065,77822,33335,44487,581531,296908,284623,1051659,532419,519240,10.4,10.45,10.35,1448628,582665,865963,911820,607163,304657,1418869,574010,844859,29759,8655,21104,547727,2391479,1579466,154084,129718,14380,465170,10138,81309,18961,825042,1237979,310084,876333,300228,576105,2924641,955184,1969457,1079104,876826,1038513,836235,874341,876333,140761,61517,2924641,3.34,0.88,851944,21326,261175,612181,39200,115168,718979,864910,8484,860988,818201,12370,384640,53188,818957,45788,832304,40872,821949,1924,816823,287000,7083,823651,665548,506681,563154,69204,155499,579876,813780,380911,244972,811378,530511,501521,210780,126299,32807,48777,302080,11895
27,Tabasco,2402598,1228927,1173671,118339,58414,59925,781519,2283383,1170069,1113314,2194845,1126275,1068570,1880904,972058,908846,1748089,906717,841372,1620203,843483,776720,133274,65736,67538,269205,132275,136930,312836,153344,159492,132815,65341,67474,127886,63234,64652,269329,136767,132562,651458,257525,132785,124740,95.5,653633,1575450,172639,876,2.18,2182286,1117875,1064411,210156,106457,103699,2148680,1105932,1042748,37285,18276,19009,91025,46014,45011,960,631,329,89353,45054,44299,89525,906,87907,155175,37553,18913,18640,144653,68038,69906,24007,28857,27300,28546,255925,78452,172272,17541,45722,12076,45090,30324,1988048,30180,14696,15484,10052,4719,5333,9723,4769,4954,101135,49613,51522,91540,45133,46407,9635,3918,5717,88856,53115,35741,83787,48810,34977,174746,93360,81386,206844,112755,94089,43708,20946,22762,431764,227610,204154,740722,368997,371725,9.69,9.53,9.87,1172514,470257,702257,703158,499745,203413,1146611,463614,682997,25903,6643,19260,755484,1645089,498783,104707,67073,96613,794894,14168,21543,66451,591074,1054180,235118,669303,210024,459279,2397110,686782,1710328,826800,669414,813854,656468,668486,669303,125197,32189,2397110,3.58,1.1,645156,23000,262481,405703,79657,116439,472086,663718,4474,626974,442220,41215,292074,67161,651799,1240,651942,16173,614484,996,649739,397319,12898,578464,503686,183733,187066,116610,142809,344130,585700,169377,118527,563390,228487,276817,66338,31004,54983,96508,404524,25731
28,Tamaulipas,3527735,1791595,1736140,154958,76445,78513,1046920,3367123,1712316,1654807,3250741,1654597,1596144,2832292,1448758,1383534,2650544,1359581,1290963,2475161,1273362,1201799,175773,87113,88660,359058,176445,182613,425484,208971,216513,181748,89177,92571,175383,86219,89164,403631,201443,202188,936048,426227,228112,198115,96.9,871537,2364217,286327,5654,2.01,2683881,1355153,1328728,764320,399646,364674,3129403,1598896,1530507,97791,47990,49801,22651,11209,11442,145,95,50,22365,11041,11324,22605,142,22322,58844,43621,21439,22182,169649,79205,75990,26885,33480,34863,30110,386226,111203,258634,23719,74717,18052,68100,46459,2942727,77987,38339,39648,16403,7819,8584,15254,6706,8548,133611,67239,66372,138110,69412,68698,9468,3800,5668,68196,36809,31387,87013,45824,41189,188766,94888,93878,325284,171097,154187,77737,35110,42627,669377,352135,317242,1196356,602644,593712,10.09,10.06,10.13,1737175,699644,1037531,1087400,746464,340936,1700672,689464,1011208,36503,10180,26323,713859,2803407,1670262,221675,13270,83736,735690,16284,59873,49134,924944,1552805,353390,1069121,335971,733150,3518489,1018452,2500037,1336750,1069380,1281767,1014397,1067197,1069121,211137,56233,3518489,3.29,0.91,1049290,16010,355032,710348,47363,171111,846883,1058620,6780,1046765,997805,18631,410330,59399,998608,62288,1011145,54247,1003258,2757,995733,414610,5571,1005517,851584,533911,627184,70494,166721,653216,995876,380911,413157,985027,580241,434549,197140,116590,39790,55012,436801,11760
29,Tlaxcala,1342977,693083,649894,63959,31786,32173,421140,1258093,650791,607302,1211592,627802,583790,1046163,546384,499779,974136,510778,463358,900912,475024,425888,70507,34878,35629,141423,69529,71894,166764,82044,84720,72027,35606,36421,73224,35754,37470,161920,81120,80800,364191,145886,78216,67670,93.77,347916,874755,99381,20925,2.13,1106683,564524,542159,210269,115481,94788,1166043,605307,560736,41063,21219,19844,27174,13755,13419,440,302,138,26536,13378,13158,26980,437,26346,67824,18094,9161,8933,54323,24005,24868,8124,12768,10697,9576,143111,43051,95180,8720,32636,7425,27233,13090,1117855,27114,13224,13890,5051,2348,2703,5413,2378,3035,55208,27919,27289,53377,27439,25938,2747,1195,1552,32613,20731,11882,33810,20709,13101,59670,33121,26549,144313,76419,67894,23907,10013,13894,279850,145682,134168,395731,205422,190309,9.83,9.75,9.92,638352,258558,379794,405251,286686,118565,621965,254030,367935,16387,4528,11859,356641,964599,322989,79441,5438,6488,531286,4519,15440,8662,357182,571309,117232,341577,102899,238678,1340856,361497,979359,424275,341656,409271,326652,340954,341577,60086,22533,1340856,3.93,1,329480,6252,98741,237013,15835,47369,272551,333902,1859,332426,308645,3332,282691,98211,325120,5701,329263,6476,326104,326,326011,189037,3505,258276,198163,104917,134337,28213,108373,246504,312057,96501,97434,289686,131845,124796,27291,18744,11774,34553,183348,5272
30,Veracruz de Ignacio de la Llave,8062579,4190805,3871774,342746,169702,173044,2378935,7716363,4019340,3697023,7458856,3891902,3566954,6509595,3424163,3085432,6098206,3221267,2876939,5680174,3015472,2664702,392761,194175,198586,814007,401002,413005,959509,472575,486934,411389,202896,208493,418032,205795,212237,863910,439635,424275,2124437,1157892,619804,538088,92.39,1960903,5288164,810042,3470,2.16,7263551,3771015,3492536,762798,404149,358649,7274696,3807382,3467314,156681,78256,78425,663503,343672,319831,48059,32603,15456,612399,309715,302684,650507,45256,602207,1019017,215435,110678,104757,468990,214300,210674,75502,113615,89262,91584,1030435,321859,673412,64463,227119,47667,214554,105332,6514347,152073,74533,77540,37050,17627,19423,44167,20507,23660,303556,151790,151766,276090,137862,138228,30595,12768,17827,517798,311134,206664,517756,303971,213785,798976,418794,380182,908655,485334,423321,200131,94485,105646,1216448,638204,578244,2259772,1175450,1084322,8.75,8.64,8.86,3851221,1506726,2344495,2640286,1910087,730199,3776676,1487639,2289037,74545,19087,55458,2228480,5825533,2266970,350652,9661,240294,2828959,108127,69749,30721,2081892,3585727,840094,2390726,813074,1577652,8046927,2476125,5570802,3013239,2391262,2908695,2286718,2385265,2390726,474606,147371,8046927,3.37,0.98,2247166,136800,944130,1439916,243603,441978,1698449,2352018,32038,2181814,1738889,202241,1315848,347309,2087704,252644,2171324,212657,2033349,10390,2079020,1496019,66052,1949422,1501813,752604,690480,320707,302473,1516111,2078454,617769,635994,1971776,959542,914961,268958,133977,183055,342920,1329356,94369
31,Yucatán,2320898,1180619,1140279,101151,49841,51310,666922,2215931,1128858,1087073,2141096,1092048,1049048,1879284,962532,916752,1765837,906524,859313,1650160,849582,800578,113136,55862,57274,223511,110464,113047,262386,129715,132671,113447,56008,57439,115677,56942,58735,280211,139444,140767,635147,289035,152548,136487,96.58,551245,1563575,202262,3816,1.98,2029698,1030756,998942,269765,139224,130541,2030605,1036518,994087,100209,50896,49313,525092,257970,267122,24640,15452,9188,497656,241126,256530,520580,23929,493856,983257,69599,34699,34900,129986,64945,54253,19735,26921,24627,24736,272009,91444,163676,17263,48081,10721,50810,33924,1900625,30592,14902,15690,6269,2965,3304,7925,3735,4190,87137,43493,43644,101047,50494,50553,6977,2817,4160,105704,61695,44009,98467,55553,42914,189968,97941,92027,206140,111134,95006,59686,25110,34576,413826,213984,199842,743369,373220,370149,9.59,9.48,9.72,1160284,463903,696381,713910,496544,217366,1146809,459796,687013,13475,4107,9368,505108,1810121,980491,116856,4944,19019,628098,26576,60097,9348,618524,1051710,207673,658085,209697,448388,2317081,693620,1623461,837334,658351,812181,633198,656907,658085,108752,70231,2317081,3.52,1.05,646436,9250,260754,394980,64777,139005,451950,649791,5961,647947,618065,7800,521874,110476,609779,4584,605627,50040,600074,1323,602312,299849,9666,552727,491840,273848,252625,156990,258750,434551,599279,246448,176401,580440,339142,306523,129272,60161,33887,67719,283586,16519
32,Zacatecas,1622138,831080,791058,88433,43820,44613,544684,1531847,786319,745528,1468535,754957,713578,1251221,647354,603867,1161476,603251,558225,1075596,560838,514758,95323,47064,48259,185303,91901,93402,214037,105610,108427,89745,44103,45642,85880,42413,43467,185566,94884,90682,417958,199779,103595,96184,95.18,458804,1019736,141740,1858,2.46,1423651,729334,694317,177107,90937,86170,1422921,735243,687678,32299,15941,16358,5005,2265,2740,187,114,73,4768,2132,2636,4781,128,4606,8299,15951,7926,8025,95934,47599,40487,13056,19700,18849,16640,200250,65559,127640,10474,39210,8833,37728,19145,1315501,31256,15258,15998,6040,2826,3214,8520,3637,4883,58485,30351,28134,59916,31879,28037,3915,1588,2327,43578,22632,20946,48093,23897,24196,128403,59344,69059,161353,77407,83946,36117,15302,20815,358262,199550,158712,388665,205343,183322,9.25,9.4,9.08,701031,252769,448262,545142,393260,151882,685806,249859,435947,15225,2910,12315,326238,1293059,526465,109229,4721,5041,640844,14392,7672,3787,406398,714715,129779,442623,123066,319557,1617376,392146,1225230,607828,442835,598567,433574,442263,442623,122979,42014,1617376,3.65,0.91,435827,5878,120202,321507,9990,45369,386348,439161,2557,433505,351593,8210,394034,86596,421392,8006,425727,15940,419715,757,420837,149089,2344,408430,372474,233328,267271,90766,136355,314535,416192,139371,138052,372814,204945,214337,51656,37622,13243,43316,214181,5383
